Index,True Label,Mean Estimate,Mode Estimate,Standard Deviation,HPDI Lower,HPDI Upper,MAE Mean,MSE Mean,RMSE Mean,R² Mean,SMAPE Mean,NRMSE Mean,Cosine Sim. Mean,Explained Variance Mean,MAE Mode,MSE Mode,RMSE Mode,R² Mode,SMAPE Mode,NRMSE Mode,Cosine Sim. Mode,Explained Variance Mode
2918,"0.16035,0.0,0.0,0.0,0.0,0.0,0.0","0.06759054407248904,0.15782608778876933,0.24480826086769172,0.04724163657044466,0.1913911147584521,0.030254566295557932,0.0751169879722873","0.04429900287336892,0.21967121435576936,0.04465520916868339,0.03814864017974974,0.01672106173596765,0.027198502096098774,0.03804813215911707","0.05846933340365268,0.09155555413643597,0.16025205745205695,0.03925390418113974,0.13230462046949915,0.02257958752527128,0.07276632035348454","0.0006313210279002674,0.0024202166943740008,0.000723882558271387,0.000735023281102467,0.001025780889439002,1.8260673712613757e-05,0.00012924749493033007","0.18484632941774984,0.32273509991808386,0.42415376754820505,0.12996372618420113,0.3748848658484729,0.06704279174292618,0.2264876538844503",0.11991401574010198,0.019837815276834,0.14084677943365975,-5.300873246104479,183.05559539721926,0.8783709350399735,0.18407486552332658,-2.529430800340813,0.071499108117431,0.00966281365524768,0.09829961167394143,-2.069096228229417,187.63066735130744,0.6130315664106107,0.18697344803606974,-1.602169015104149
1966,"0.0,0.39366,0.0,0.0,0.0,0.0,0.0","0.05110397493607725,0.3705913425610065,0.036826281201702026,0.026820870659616764,0.05633190165710124,0.03526426291322383,0.03395932772687151","0.02101259058150633,0.3651137060101812,0.04531173148855275,0.001274693593234591,0.040704244166271844,0.046652672649344466,0.04879364669443999","0.03332810869498274,0.019980255262614897,0.02329366060391212,0.017524065359986733,0.039716371860565036,0.025390256507198734,0.022148922287817344","5.576126209505312e-05,0.3343015360459983,9.86108878939935e-05,5.872326295328313e-06,0.00012363893577478483,0.00018453310455196807,0.00010967436226150487","0.11149357053245283,0.41148106041862087,0.08154133067925037,0.051092297075724755,0.13363087243313798,0.08200874341094715,0.07733557075155043",0.037625039504798015,0.0015413429461672754,0.03925994073056244,0.9187727906901816,172.2909899309038,0.09973058154387654,0.9646264825457844,0.9695276480568411,0.03318512473759554,0.0013607607191375303,0.03688849033421577,0.9282892908234273,172.50347478018833,0.09370647343955639,0.9688482257801743,0.9613027219775354
2996,"0.0,0.0,0.17439,0.0,0.0,0.0,0.0","0.0569043603075936,0.12057549860430578,0.12441041144796988,0.16846754330725783,0.10605813733136808,0.06566610334749991,0.04030504588635972","0.04511731626142456,0.1625799343858081,0.12485832791701729,0.2246397645444706,0.024533912591255674,0.034457353918689905,0.038699433207315156","0.03503740211858952,0.055060104780660944,0.07267045742841789,0.08522203161453301,0.07627565643746854,0.0506026653718612,0.026476127938660467","0.0009017005650136777,0.01113086035886661,0.0038061710936998267,0.0008339112741262291,7.733768894077323e-05,0.00020457762065691714,0.0001128828567343454","0.12208895947541562,0.21312164317736187,0.25529862499878664,0.28840316104193264,0.24872758517198162,0.1674051435624018,0.09259934296760364",0.086850896762345,0.009405813121778833,0.0969835714014432,-1.5257945397753772,176.2076419707563,0.5561303480786927,0.44313558790472146,-0.111538439416897,0.08279419814170666,0.012095869411734152,0.109981222996174,-2.2481700963474145,176.1577227685074,0.6306624404849704,0.3992380046999898,-0.982894228575218
2120,"0.0,0.0,0.0,0.0,0.0,0.25724,0.0","0.02806692375332829,0.04026160800655952,0.05436301700736515,0.17696836638090377,0.07937026095543047,0.34968454828356765,0.10303333487459289","0.04534376390892805,0.02436175518264535,0.040810348400314535,0.031099813705490587,0.0032329473907574185,0.42785428310414864,0.012422480968434372","0.017744766759930676,0.03632941162895958,0.04083269800936536,0.10708834691631385,0.060321708324044265,0.08673164571773094,0.069910772068896","0.00030428112474073407,4.276209704636484e-05,0.00033244599843972706,0.014133772558720727,0.00020035681257767561,0.19409743841821817,1.5317713146234556e-05","0.05259060070596475,0.1165903963374935,0.13327453133450815,0.3420894609637561,0.19081972122848392,0.4989242997913625,0.22960403310247254",0.0820725798945354,0.008877627218969123,0.09422116120579879,-0.09563206117843026,175.7804679131866,0.36627725550380497,0.8338200110925745,0.7356798411911452,0.0468407703801027,0.004936605510209161,0.07026098142076555,0.39074899891963233,178.54393339143664,0.27313396602692247,0.9854462879814249,0.661528563929495
2209,"0.0,0.0,0.0,0.0,0.0,0.0,0.4766","0.12526375038119456,0.36908826746879575,0.06786552402161443,0.07096800257517598,0.04123713085604567,0.0355482508364672,0.34368411067026383","0.10555473146753046,0.38012943284183903,0.025875967457294667,0.043876358824526965,0.038856388196437615,0.0022821699759633727,0.36952315211213926","0.059401381585343506,0.08037523825695063,0.06224745668558887,0.05604582260438149,0.033264045684483316,0.02878715636659533,0.10931331656712293","0.008195951624707168,0.2473497027139198,8.564176336786138e-05,0.0008201366685693769,0.0002654300715655527,0.0002634821049075131,0.15054051111617228","0.23332645428921744,0.5296258134480057,0.19046594086768645,0.17713023747182652,0.10850209315736495,0.09509004269962176,0.548683381953732",0.12041240220986138,0.026027165116857685,0.1613293684263894,0.0642418444306816,176.05818303337188,0.3385005632110562,0.6464588457960446,0.3085709166185875,0.10052169952163614,0.024459338022923115,0.1563948145653273,0.12061014205682519,175.04428446448688,0.32814690424953274,0.6788562572241762,0.29641985848123353
2832,"0.0,0.17980000000000002,0.0,0.0,0.0,0.0,0.0","0.0486983587111881,0.19871712550133727,0.05744028267154482,0.05593220854385013,0.06850725255247558,0.030549948564106144,0.0253244100096766","0.04939774417447242,0.2102600726149988,0.03798543587147056,0.04181396754074705,0.0038452406744475453,0.012050251989160824,0.023847259571804655","0.027620934740682588,0.03102385563793508,0.040662730874911304,0.034033786470878756,0.053261896560666634,0.023042587303272157,0.014897090050596348","0.001741173628475573,0.14370022951374398,0.0005943819139678415,0.0020220070333066276,0.0002956062701120269,0.00014137083499235172,0.00014082858749646176","0.10148636932464655,0.25775837204800334,0.13792538826962547,0.12346753232446886,0.16597587043516127,0.07356801246102349,0.048040035828127256",0.04362422665059695,0.002203579222324717,0.04694229673039781,0.44333473410950597,172.85648383629234,0.26108062697662854,0.8507760553143385,0.9240865540583286,0.028485710348157407,0.0010411343730019431,0.032266613906667414,0.7369900130191663,173.65973490850791,0.179458364330742,0.9350025861138361,0.9419738238116805
725,"0.0,0.0,0.0,0.0,0.0,0.0,0.14595000000000002","0.027640695661635236,0.04292562731613294,0.1318485415685233,0.3115867351601012,0.04247163865816657,0.11357217086134218,0.49534055519218945","0.048433145029205704,0.041103844302694495,0.10519955663159686,0.37592947537981064,0.02795780396803224,0.06293126858413864,0.5375992353785155","0.016415195947109478,0.03393224200647522,0.07659211126138399,0.14038478340800928,0.035774927624577846,0.06286817601951998,0.04608709036748831","0.0014029174392962034,0.0004901091821229789,0.00027611115358721814,0.017898427708568344,0.0001575034378979215,0.003928556251810301,0.4103570400331583","0.04998570777565669,0.11534101438013206,0.2592855191720063,0.4926144103090493,0.11887243013845998,0.23078852309699532,0.5494830735663182",0.1456337092025844,0.03626474101722778,0.19043303551964869,-12.903406202511475,186.99497453615146,1.3047827031150987,0.8065877346147652,-4.772097434234813,0.1504577613248563,0.04493661709565774,0.21198258677461632,-16.228085002753758,187.79897691585927,1.4524329343927118,0.801245271021188,-7.549162263578225
757,"0.0,0.0,0.0,0.0,0.43555,0.0,0.0","0.04069700639646661,0.03939672789139875,0.04455310002162762,0.13810951005011166,0.5192129819704765,0.157974364116041,0.038523988457219875","0.027433659842940567,0.04070111896180237,0.002561889769846538,0.1805265121431111,0.5357850863978679,0.1266390967873037,0.005543293104622672","0.07168375961878315,0.03084254233580687,0.03716645075931153,0.07951684058061892,0.026062238309986302,0.09626154111500583,0.06253737625516999","0.00016220679617556664,0.0007082491483509128,0.0002237883274400682,0.002273393714491889,0.4662551233431798,0.0015044048322406121,0.00017959391973620262","0.06727584048116994,0.094601521790248,0.12424952855888739,0.27405763645099546,0.5498838651756331,0.3148671943195932,0.07874830367973033",0.07755966841476314,0.008243865134673399,0.09079573302018877,0.6451051707314471,173.93219898701412,0.2084622500750517,0.9174323892587629,0.9040699377184737,0.06909152242964212,0.008731547588800933,0.09344275032767889,0.62411065196295,174.3769459405929,0.21453966324802867,0.921388355912218,0.8296137239696741
3469,"0.09952,0.0,0.0,0.0,0.0,0.0,0.0","0.08854391729067147,0.152061031799235,0.04714784096361645,0.05139398812063676,0.058400278160862726,0.02941703058218149,0.025281411905960734","0.10319083573724912,0.14560254081902943,0.04009163324483879,0.02229646082133958,0.026389196818520214,0.03943265067623829,0.007993247304917458","0.03546177551809202,0.048455693255830115,0.035298839940924503,0.03489530269250987,0.04313167602477753,0.016253043630826847,0.014739167717537702","0.012783022514121417,0.06009777599306984,0.00015212739727713597,0.0030358233310686968,0.0002327303169982308,3.2248848762916795e-05,0.00023552204853014992","0.14444299165534444,0.24350330184938992,0.12174473090409453,0.12312753425147842,0.15078116594035115,0.051734186174194306,0.0479094901027744",0.053525380605974525,0.004717485238780371,0.06868395182850483,-2.8898660364403184,173.09610216834096,0.6901522490806353,0.4386699033928715,-0.7962273841453287,0.04078236648887612,0.0036618945428459415,0.06051358973690076,-2.0194645007358205,171.94596370650672,0.6080545592534241,0.5418492990852198,-0.6480493559976463
1951,"0.0,0.0,0.0,0.0,0.24438,0.0,0.0","0.03741061691993046,0.06195986143061977,0.061856030754776414,0.17410514565528845,0.41079453476104594,0.11466278711997342,0.04225212929718123","0.04691852816919431,0.0027751799552573884,0.035237008217168464,0.279205999289175,0.43890470939483,0.1305751887823411,0.00236573991650375","0.023936314734910594,0.04495729226465301,0.050842291803924036,0.09768934019936965,0.055182582847493784,0.06691043527737989,0.03728969934393668","0.00023274493808080914,0.00043483157641559917,9.590247238612764e-05,0.0018017970133745245,0.3093489330115447,0.00208381861810718,2.205987380812126e-05","0.08295393446889052,0.14515913430774072,0.16764630392789495,0.3299502489278387,0.5176490287461221,0.23136476007691997,0.12222036770939812",0.09409444370554511,0.011714849075888267,0.10823515637669799,-0.6019546101172681,178.68572313534048,0.4428969489184794,0.8697843178033264,0.6087591176890551,0.09880033624635287,0.019471717987507253,0.13954109784399452,-1.6626726639775695,179.56258754723265,0.5710004822161983,0.8134849181767768,-0.3278291550445098
215,"0.0,0.0,0.0,0.0,0.13972,0.0,0.0","0.061700831009270984,0.20265727744270703,0.062075137140802636,0.1347281617426103,0.314753838780394,0.11450727651374326,0.0564606905211912","0.055800793643133964,0.26627693490342486,0.03275632510171661,0.07980127618912222,0.3141507314397539,0.09338588261845299,0.0359670484913551","0.035710823212002314,0.09888346242506628,0.05082593860643561,0.07564245149179083,0.09106452118971112,0.06340237205035297,0.057811130294115005","0.00014392930024029025,0.001123430222760235,0.0003703294026412365,0.010214879061116355,0.11232224665028127,0.0019828716106882033,0.00034852855671468154","0.12776418070023793,0.3530530375849156,0.1611186245188856,0.27265999343886654,0.48031135240806766,0.22632085649268444,0.1904161212477772",0.11530903045010277,0.016259790790320413,0.12751388469621813,-5.8020939969118315,182.43243214741355,0.9126387395950338,0.7372847948363065,-0.23979517442436915,0.10548842748385137,0.01741414098122326,0.13196264994771537,-6.28500294728705,182.40908821180554,0.9444793154001958,0.7204011421841953,-1.6298140068578575
2402,"0.0,0.0,0.0,0.0,0.0,0.48965000000000003,0.0","0.03474335984057102,0.03822270280903629,0.046343948186863,0.05961722397510548,0.10092199603691084,0.5052434161524424,0.11752883557399683","0.04622098835155859,0.02114035556943109,0.006647155826586938,0.002966459638254858,0.05715843077455644,0.5436344674191458,0.053993588034180466","0.023531880064766846,0.031027822430081932,0.034346656038271584,0.05023127954780289,0.06582250875216304,0.03348273966167518,0.07855166089089897","3.626744437558996e-05,3.9539975474486414e-06,0.00022250388691530266,0.000272120115304547,0.0006479194285956431,0.4414945924701034,0.0016147680779470773","0.07887850821192842,0.10118295891706197,0.11434267599494088,0.15902051510153828,0.22720991881471186,0.5497810033323511,0.26575482740772416",0.05899592608213226,0.00465878315626299,0.06825527932887675,0.8413113708040891,171.87638439883617,0.1393960570384494,0.9420557373230658,0.9598656836310433,0.034587349373387734,0.0016761422058726545,0.040940715746951156,0.9429068277990642,172.92130010442705,0.08361220411916911,0.9854061318183244,0.9836549756788437
957,"0.0,0.0,0.0,0.39732,0.0,0.0,0.0","0.199861902161654,0.12962733427692158,0.2611680055035897,0.4370095785805766,0.05488760753316821,0.09096167808095519,0.12576747967299265","0.03774342956628986,0.03834536378837274,0.01697663828054903,0.533148074964749,0.011347199030061199,0.011483398984562155,0.04178047875860838","0.15836955173505285,0.11210865348646092,0.21747945240332922,0.07342705847566795,0.048463969880417186,0.06577980129992939,0.09953115247932362","0.00021540212246138729,0.0001729322791014242,0.006668735473128889,0.3253495218343779,0.0001245599855982214,0.0001587171355442198,0.0008659873582048508","0.4294269910530112,0.36196363650829444,0.5453315321744873,0.5492534502873171,0.15159230267322568,0.21105050031094683,0.3018440700054482",0.1288519408299797,0.021948021536765314,0.14814864675981793,-0.1354273565156725,172.78773211106127,0.37286984486010755,0.7461388884350504,0.7234791744000262,0.041929226196170344,0.0033769487683987438,0.05811152010056821,0.8253017928395502,175.5993777638635,0.14625873376766388,0.9909948273449629,0.9162507390001922
3153,"0.0,0.0,0.0,0.15735,0.0,0.0,0.0","0.06038034533815262,0.16944452756856365,0.09029178254005234,0.2497844437717313,0.10988946735394509,0.11395695554151629,0.059879224571714414","0.04655379433026918,0.18977624238299592,0.0410735901701646,0.2279131361062993,0.03297837482735061,0.09523396341403834,0.020191256935468804","0.04168848658264716,0.05758103262253316,0.07121560938887711,0.07679474079821136,0.07901634797560861,0.0740275359112565,0.04983575088632436","0.000423214490708444,0.05661532694309163,0.0002029605814799793,0.07707574830243258,0.0008889715258962582,0.00021369656206948049,0.00024002464385139004","0.13908435996070284,0.2689985151140248,0.2478943545711116,0.37432723949366475,0.2655346822778933,0.2534513003686192,0.16523309552316215",0.09946810666938224,0.011100195814667492,0.10535746681971568,-2.6613561441336326,177.91533310684514,0.6695739867792545,0.6886852251527682,0.6021094468792909,0.07091005116665525,0.007916177396658732,0.08897290259769393,-1.6111201309628838,176.6615911859584,0.5654458379262405,0.7123033906066,0.047423621228367185
2277,"0.0,0.0,0.0,0.20290000000000002,0.0,0.0,0.0","0.07880830989238385,0.17402320382400321,0.055930017775603365,0.3804041818873059,0.0769946212456949,0.15825895779148105,0.05557972170610662","0.024095494565386975,0.20389844738991153,0.042149185709056416,0.3885992162945626,0.04136177388348787,0.08575100942459613,0.01525777615486641","0.05706379670025793,0.060096113286572536,0.04868111964716555,0.06993702723147988,0.06011895011535726,0.08919854074467451,0.051475269644875324","0.0012366132526839071,0.053243035061971436,7.289784635442848e-05,0.2641147342743877,0.0013450919409424354,0.00971861180869309,1.323686467858136e-05","0.18778845379016587,0.2783766729975666,0.1595870367380359,0.5322765973060485,0.19775069090437122,0.3162770627260554,0.17106224597025074",0.11101414487465411,0.01502770022000967,0.12258752065365247,-1.9810774441716905,180.12308830570717,0.6041770362427425,0.8140019024486538,0.46368897483049976,0.08545898620312399,0.012530393454862333,0.1119392400137786,-1.4856812917487545,180.39847662534885,0.5516965993779132,0.8598718780956138,-0.036922086084262284
600,"0.0,0.0,0.0,0.12656,0.0,0.0,0.0","0.0253656793756809,0.050177671997389026,0.08416123836615207,0.16953056378348594,0.13908787300629835,0.03847811197363376,0.025169328451407548","0.02177083950370164,0.034290456880402324,0.08586962449276453,0.14563824177762902,0.1085732998684461,0.002149012091931218,0.021325926939972057","0.015015153380945029,0.032128185908528624,0.042678736422160156,0.06897509719446673,0.08727777523025203,0.030656524425768706,0.015127475513786137","8.561659585621944e-05,0.0018409519398745967,0.009634092115753981,0.053457621144704814,0.014231649208594684,3.5488107244817115e-05,0.00011155983037900414","0.048213445383742594,0.11121518104222942,0.16117443995395353,0.305645689144996,0.31046762428263364,0.09807216882404787,0.04842678974077572",0.05791578099343537,0.004792899495089831,0.06923076985770006,-1.4437131141429305,175.57504059707776,0.5470193572827122,0.6895564578791964,0.2664822769162519,0.04186534307926383,0.0030907073518229335,0.055594130551911085,-0.5758315181374594,173.43112889792965,0.43927094304607367,0.7066032994348752,0.3178056144894841
1701,"0.0,0.0,0.27005999999999997,0.0,0.0,0.0,0.0","0.024481136913384105,0.10972622452463927,0.15086111858451626,0.1776971476629553,0.24378184040250192,0.027750831290290323,0.02828352431827429","0.009278305956953958,0.09936628408208685,0.1428570027527682,0.2008277703855944,0.26579885185269475,0.040351699050324805,0.03831820349305125","0.015007666643196296,0.04659700861500033,0.047367015096351536,0.05457125456980333,0.062479302397558736,0.015132471341332835,0.0153162444807673","0.0018099488270167505,0.04325172030731239,0.061306150779460944,0.057484586951303165,0.08597467453530204,0.002977486385109201,0.0011596065022401664","0.04970918766625624,0.21554713897278044,0.2378966720890621,0.27393703231862787,0.32794779384151235,0.04999379266507163,0.04951474370712931",0.104417083789647,0.017060496018064513,0.13061583371882796,-0.9103632578966163,179.51959413042442,0.4836548682471598,0.42171218792939996,-0.3560194755183197,0.11159201600970539,0.020031102174547823,0.1415312763121559,-1.2429993576335931,180.23027086378934,0.5240734515002441,0.37588060979078486,-0.608957809548083
2447,"0.0,0.0,0.0,0.0,0.0,0.0,0.54439","0.03480528915805938,0.04843939862829165,0.11851245306496519,0.20353328990176467,0.04527030558000079,0.1061609729807336,0.4917572778828551","0.03875988284728052,0.01749771559624075,0.003879500914324689,0.026418919681623028,0.04331676935913606,0.051413987186867384,0.5325175426763618","0.024995672550162808,0.0461398520431101,0.09596157732744187,0.1341117211608008,0.03915395922932047,0.06819790524045093,0.049563278226784746","0.0007006619662161886,0.0003054955372214148,2.3104363594081714e-06,0.0023218697951613207,0.00013907971604762025,0.0009884383922979239,0.39395606815050827","0.08661243167055438,0.14731865538073774,0.30334858807554876,0.413268469598059,0.13092321846456434,0.2348778841947437,0.5497071628241875",0.08705063306156575,0.010731220187363045,0.10359160288055709,0.704284793529325,172.87990184519188,0.19028931993709855,0.8773360615239587,0.8471883017763262,0.02759417612987296,0.0010260291775679568,0.03203169020779198,0.9717261947111345,171.74355953381456,0.05883960066825617,0.9878113743716415,0.9878671300101564
241,"0.36978999999999995,0.0,0.0,0.0,0.0,0.0,0.0","0.35086092304291694,0.06791839944341665,0.03504664787661166,0.03759366054474946,0.043890857194297986,0.028349442242300182,0.03900241179581183","0.3655956363727943,0.0028456705459693637,0.0369207455893078,0.0019148394962964163,0.04166379100531693,0.04259888664534746,0.0076048116487029745","0.03381395693767867,0.04998614091972566,0.025221608620733037,0.030491289230124622,0.03227703239782873,0.0155754332726725,0.03188883850458042","0.27844934836484764,0.0001554841673464131,0.0001446846740501826,7.623620223740875e-08,0.00032895515233874765,0.0019098131384498148,0.0001242262123181896","0.4048811416598995,0.1675746240924064,0.07724294243840855,0.0997352357010437,0.10778905228007213,0.04997621031093683,0.10415908087490723",0.03867578515061011,0.0016948651606476552,0.041168740090603395,0.8987792252994291,172.17904680147282,0.11133005243679764,0.9563078863673511,0.9648750836183364,0.019677586936878082,0.0007144097681186472,0.026728444925184988,0.9573340039894431,171.59153213224846,0.0722800641585359,0.9818639908488443,0.9777279239519632
221,"0.0,0.0,0.0,0.0,0.0,0.3387,0.0","0.027284099062247612,0.036424247263096024,0.06677970893411414,0.15520614744639089,0.08409394693986064,0.38093692350199093,0.06782882071924079","0.0313056091344782,0.024342702426852714,0.03894262403973235,0.11345725455350973,0.03437115937401665,0.42837749947291254,0.027627250714923196","0.01611709833029186,0.0361895492249393,0.0447061703392506,0.092284181129192,0.06112345658755308,0.07291640205183147,0.06519498458029954","0.001631259063340658,0.00043708697850873015,0.00037300662008329477,0.0028205914323050038,1.5787702202642794e-05,0.2377184263146127,0.00034441020264480964","0.04996061441604942,0.09300113874483795,0.15410853551389742,0.3063625403669289,0.2056015472164865,0.5053443161263107,0.18328293881779045",0.06855055626670585,0.0062965891599710815,0.07935105015039864,0.5517505207223881,173.10548544382442,0.23428122276468452,0.8799588434307708,0.8862815470753791,0.05138915710234648,0.0037069114847337677,0.06088441085149603,0.7361077401518535,174.76880011786977,0.1797591108694893,0.9545138760812243,0.9241075565079778
2342,"0.0,0.0,0.0,0.54838,0.0,0.0,0.0","0.08773412256471586,0.06608185525690502,0.13034473051699602,0.38948429657988715,0.03545830437241254,0.04487917540710541,0.03365246791871464","0.010927612666126595,0.04963371935040786,0.028937302209104347,0.41279741862538993,0.0023080559920593616,0.04160236001082662,0.04569334573267465","0.08329736916842145,0.04654202679008442,0.10116843289620261,0.0743785701014377,0.0310297509913264,0.02895797411047354,0.022740510047657037","0.0003936062153858155,0.002278472494559299,0.003188843831720004,0.2957114805311531,0.0002182815100021826,0.0008380005691065306,0.0002687173463707743","0.26026704155620334,0.1569839753439334,0.2960513808294647,0.508954762126743,0.10179218023806214,0.10003734585784733,0.07366822854487076",0.07957805135099462,0.008386514503789199,0.0915779149347112,0.7722475184924104,176.2692261556255,0.16699718249154089,0.9051515970863495,0.8039729405325783,0.044954996762258496,0.0036609839959511965,0.06050606577816142,0.9005786981634946,175.45882428741885,0.11033601841453267,0.9793982071295171,0.9016283846543086
1167,"0.0,0.0,0.0,0.0,0.0,0.0,0.31460999999999995","0.10744612006847479,0.35623738492091656,0.07629477596307704,0.0793111591411905,0.035191411306893,0.03399801635756047,0.3548556444940595","0.056133414711029096,0.36213040021724363,0.03929839032677141,0.02993048756465199,0.00698482505752983,0.025564180187565996,0.3656246877470922","0.06373895616206914,0.08144244104938893,0.0604949660469903,0.060714285104693906,0.029336042183944235,0.028505843659415855,0.09759975428701693","0.0010247144868527844,0.20695096699259988,0.0003316250552920688,0.0007686078129520719,0.0003803032000462617,8.277148363422707e-06,0.1896312203312475","0.2194494965145133,0.5101891375628519,0.19661772082849124,0.1952991796060904,0.09448356002516929,0.08719039941888637,0.5491141234955094",0.10410350175031027,0.022082129769057126,0.1486005712272235,-0.8219679871714161,173.14617346898999,0.47233263795563885,0.6719621396596813,0.07222335505560784,0.08157948368741204,0.020004914004633494,0.14143872880025998,-0.650579599148676,173.57130618367066,0.4495684460133499,0.7021988135090715,-0.10146664547039852
3413,"0.0,0.0,0.0,0.0,0.0,0.0,0.47587999999999997","0.10135080521776979,0.35353691889111366,0.07605910132715069,0.08285099784082979,0.03955572190694323,0.03926860540627969,0.3822007643652223","0.04001939766262212,0.39726973565403917,0.04126183763499522,0.016465505562981732,0.024709253709509497,0.031133835323601602,0.3801762913669907","0.06387720217150161,0.09648160229038487,0.06275741175076054,0.07673429933703067,0.033056187091345016,0.032244728749049024,0.11322625313067372","0.001508599075667117,0.1236208189096653,0.0006957545233661516,0.0006626794290066028,0.0002840963060141019,0.000196083025128601,0.16565441626905045","0.2186166179273563,0.5199152197539987,0.19813520845446408,0.2307745737903109,0.10712413699804224,0.10171944392784193,0.5489095214660656",0.11232876946069494,0.02282744159578241,0.15108752958395477,0.17679658362000206,174.54779947879476,0.3174908161384273,0.7012046995677905,0.44080921616075386,0.09236618202582267,0.024591072848760075,0.15681541011252711,0.11319649656714603,174.62274417492486,0.32952721297916937,0.6855730989601743,0.265662885676059
3456,"0.29211,0.0,0.0,0.0,0.0,0.0,0.0","0.26908594597833324,0.09115925369099101,0.05054412811687017,0.050088259947119095,0.03556097136367615,0.031212271932025165,0.06632640619344767","0.2653182706458453,0.04254556807328434,0.032737495022490834,0.047692763424212845,0.02992789069286872,0.04610105387602423,0.05952385976090757","0.03342692796867962,0.05169737703371335,0.03500174448882363,0.03598845841145006,0.023897827012434966,0.018902726602569662,0.035976086601377674","0.20494992017950087,0.004396750163720848,0.00023076046517229762,0.0009075446710902488,0.00020637129068267992,0.0005409293199611425,0.0025645022023555245","0.3310992907410128,0.17727702340651247,0.12063845365845768,0.1219648605025671,0.08199585484637906,0.0661422081691987,0.13388251300729778",0.049702192180828005,0.002934520004391563,0.05417121010639843,0.7191405412307619,172.60076470548108,0.18544798228885842,0.8851378285060336,0.8971273679180714,0.04076005145770618,0.0017769058683558387,0.04215336129368379,0.8299344288934987,172.8018027873979,0.14430646432400054,0.9258863543700775,0.9348273769951844
1843,"0.0,0.05897999999999998,0.0,0.0,0.0,0.0,0.0","0.030627374689190898,0.1489955514475295,0.06298310802296635,0.06256287546079604,0.07324338107688246,0.0412973669689487,0.028849686049292115","0.04446362596969385,0.1467755958036679,0.011669277219510766,0.031268461553771096,0.051336868530481826,0.03771122189289011,0.0459705174514906","0.017660445114467543,0.03323525376722185,0.04170441144319213,0.041605087861058904,0.04877005760423413,0.028284391080543703,0.016959450870952783","0.0003175786422991955,0.08984881270224339,0.0005526553281849481,0.0014463613743154159,0.00020693788326386987,0.00014430199337791711,0.00022969191698711858","0.06276040139008751,0.21462500204189766,0.13972126666283788,0.14207726562248651,0.16819755852547075,0.09635061733112574,0.05530959554118385",0.05565419195937229,0.0035463129485992576,0.05955092735297459,-7.3255388360619165,183.79479851920954,1.0096800161575892,0.7552329708169727,-0.053920828353960726,0.04431650977450089,0.0024242668853696986,0.04923684479502823,-4.691355612339968,183.61995599137123,0.834805778145613,0.8362653680866811,-0.08066063645809574
357,"0.0,0.0,0.48723000000000005,0.0,0.0,0.0,0.0","0.09295947138650439,0.04702593715735657,0.35204170189532136,0.12415023011293246,0.05392284794481077,0.0253314561185501,0.047534193370727534","0.03334065225314938,0.0020002896376736367,0.44232239976003895,0.0183067526300702,0.020303039459329954,0.0019563573503174926,0.04375094659416534","0.08126351858729147,0.03344119560110265,0.13326089986704254,0.085578328976425,0.03973622143373578,0.024990561419940382,0.0322932457402187","0.0005920719390523498,5.216556093486054e-05,0.07884482796305577,0.0043578890323883014,0.00020040158779138128,2.802364138153101e-06,0.00014507921118071853","0.2531204896669417,0.11294806361307938,0.5091833250559537,0.27301580206158277,0.13054496009116354,0.07176384139093256,0.11451788945761965",0.07515891917079436,0.007192987629498637,0.08481148288703975,0.75255077332304,176.03080309475072,0.1740686798576437,0.8912922375166171,0.798466757048237,0.02350937688066673,0.0008282308679607877,0.028779000468410774,0.9715076546292949,172.80888553770777,0.0590665609022654,0.9904753167082979,0.9754305632085852
844,"0.0,0.0,0.15389000000000003,0.0,0.0,0.0,0.0","0.057876053985420964,0.1671851018554708,0.1123817102655889,0.18731970465728223,0.07881614841179853,0.10207775811589988,0.054813959018282274","0.01663742071999611,0.1665414091335929,0.07143000993068832,0.2276045078871945,0.019359951683000635,0.02316598900273439,0.04547576949177659","0.04149782426279052,0.05632434035524152,0.07750505084914139,0.07241193826951531,0.06653777537301504,0.06396965193633346,0.036155664277812985","4.172166079396219e-05,0.05770455438626523,0.0016963345473333254,0.02351984427187159,0.00013463057392094723,0.001209732569586407,0.0009165901187699895","0.1437458951136814,0.26446988721644654,0.26648582562638007,0.31091656767027376,0.21450910991332356,0.21890889913647105,0.12338096786187833",0.09851385939693798,0.012535504261801644,0.11196206617333232,-3.322806931927947,175.8824848168393,0.7275460794940042,0.3577960627487061,-0.733373513235897,0.08303500542680096,0.012799403297676005,0.1131344478824907,-3.413811215264438,181.8848097226794,0.7351643893852147,0.2409296099880518,-2.1939987911333687
1243,"0.0,0.49863999999999997,0.0,0.0,0.0,0.0,0.0","0.04128373662243282,0.4739308324635167,0.039630483134897344,0.03430156967577014,0.04446154099247401,0.03041314286631658,0.03451297270458937","0.028823608755013212,0.4859208496371208,0.03775093697180983,0.025234114770337074,0.040390776134307346,0.02397496146339129,0.03364079085275744","0.036704923636785666,0.02523819623332701,0.035497102330461355,0.025145731145721092,0.036917911076767326,0.02429402086696528,0.02746690689964552","1.8877266982695977e-05,0.4189716286253905,2.258969733705743e-05,0.00012011191662606374,0.0001807123844169631,3.516794044581384e-05,0.0001437155007376148","0.12097804961500046,0.520754226404799,0.11775192836645917,0.08607592098833317,0.12326365699493498,0.07342516051163335,0.08505882718087218",0.03561608764756622,0.0013078565595605225,0.036164299517072396,0.9570433191881136,172.1544581113335,0.07252586939890983,0.9815054198914757,0.9838273076339608,0.02893347704435648,0.0009131981973156434,0.030219169368393358,0.9700059129624583,171.79767436031628,0.060603179384713136,0.9870617124630472,0.9910287931499392
2586,"0.0,0.31882,0.0,0.0,0.0,0.0,0.0","0.046036630371580664,0.2764742439386592,0.072332142447301,0.033862352285868216,0.09329230670001601,0.03252003492130839,0.026485094041419115","0.06191876969070462,0.2889156908068353,0.04416702429987768,0.01550688156353432,0.07732805136140855,0.038759211935302865,0.0135672528224587","0.029283724956184965,0.036769908844291634,0.05641828271944341,0.025082967302845635,0.06281549607431032,0.019629615699005003,0.016338585829788383","0.0005242960619000764,0.22712496557511216,0.0011609226365396554,4.312687377770694e-05,0.004929954321492446,0.00035141998001699817,0.002326393079157207","0.10073858113880724,0.3208796056926653,0.18975837134538942,0.08423850083655819,0.21391860764970344,0.06861501894311042,0.04977676851818713",0.049553473832690605,0.00296479992754297,0.05444997637779993,0.7617959692349389,173.4609760031643,0.1707859493689227,0.895125714723823,0.8745069022280121,0.04016450012377877,0.0020836236494298937,0.045646726601475965,0.8325932393343888,172.8344602829122,0.14317397466117548,0.9268721533547681,0.9129252722219108
1467,"0.0,0.0,0.0,0.11437000000000003,0.0,0.0,0.0","0.048371850670683995,0.22126090291455652,0.08590811481604106,0.2598265249159644,0.07735726346721825,0.14709672811206131,0.057203308622883184","0.02820835103889366,0.25142864032006007,0.04191670730453509,0.3030757576484485,0.038519017918065473,0.10059713335090001,0.0428178806797513","0.037412492200400035,0.05322300437015247,0.05904057935315313,0.08191831881642496,0.06723132384443253,0.07387465093969303,0.047585961726608166","8.588841670812721e-05,0.1215123740441625,0.0008990306039556432,0.07935516418847527,1.8844271395736604e-05,0.007968977090503865,0.0015656905461924654","0.12136899746458488,0.3249034731870628,0.1976331836674577,0.4046961325006635,0.21564112461944585,0.27581271378366706,0.1598057526301287",0.11180781335991553,0.01581826286822308,0.1257706757087004,-8.875961217535119,182.53476946934163,1.099682396683574,0.6555758581935902,-1.071105204662512,0.09888478403723631,0.01640225920687901,0.12807130516582943,-9.240573010865141,184.344244846938,1.1197980691250276,0.7327838106156892,-3.135659351322996
1382,"0.0,0.26697000000000004,0.0,0.0,0.0,0.0,0.0","0.04914601067771251,0.2320173851651687,0.04786151925116534,0.04567396687552167,0.04757618579384156,0.030628742871144584,0.02614249497478275","0.049688628210602034,0.23320008245641757,0.041360118961494774,0.03698489125771729,0.03371430104797688,0.018198631438957846,0.04727792975067682","0.03134421395013602,0.025248596083525126,0.035486838567807835,0.03234712476385836,0.0352065317376646,0.021055255883758856,0.014612969605996612","0.00029040858133333924,0.1778895267420961,0.00030345397232240263,0.0004148210841836983,2.4198241021699467e-05,0.0002821746175969822,0.0023048603952793155","0.10633286052418063,0.2764198077673371,0.1218008499313773,0.10966151896159661,0.1135157581375751,0.06701039168547922,0.04928213784485351",0.04028307646842854,0.0016998421875093124,0.041229142454207224,0.8052271091228338,173.42991688905332,0.15443361596511673,0.9135018697179325,0.9104010446800994,0.03728491688728687,0.0014844222355886486,0.038528200523624885,0.8299105574432255,173.35762480621636,0.14431659184037487,0.9244599293353903,0.9174254316144277
1688,"0.0,0.0,0.0,0.13911,0.0,0.0,0.0","0.059646510283459485,0.18094284986882506,0.058219396475992655,0.36752793257107624,0.08427180098556772,0.2376406689294043,0.056226643302638234","0.047320875286502626,0.23310114593301634,0.020587801204875744,0.3736993030996042,0.004038327158727915,0.27812444048436225,0.03559774300053313","0.04334356901882358,0.05919836836744891,0.05273032401987936,0.08411641099640635,0.07334110021977228,0.10267765856271785,0.0519695690199829","0.0011126769294002132,0.06365549436254254,3.5349488146731e-05,0.21681824413329445,0.00020266571914127898,0.03731842543105217,0.0002953132641426852","0.146132331945565,0.2818556643265142,0.163712800623243,0.540388982991269,0.2372188309587735,0.4111856655138255,0.17438541663296103",0.12933797177385195,0.022656932934481223,0.15052220080267636,-8.561570852091803,184.31001244458207,1.0820372424892268,0.7478789001071188,-1.5019687966954347,0.12190851945251745,0.027238302849726864,0.16504030674270714,-10.494978748515274,184.4988325892386,1.1864014574272672,0.7122448533680571,-4.223120384295408
148,"0.45438,0.0,0.0,0.0,0.0,0.0,0.0","0.42479950959208834,0.0673632823741777,0.02751462897036506,0.029265760042915284,0.051528555304602985,0.0287649134412469,0.037685150415893605","0.43394702187305917,0.040996345068610565,0.025725528623516448,0.019439292474804304,0.043610794620089946,0.040959424173825004,0.008073725016736994","0.024409307659425773,0.04751152250384934,0.017122198150549342,0.01947587926257966,0.04604740862835237,0.016844338086548897,0.03295714947461555","0.37543970579341024,4.737930281193562e-05,0.000558114095077594,0.0001654707386592716,0.00016623286616379885,0.00023481218177103633,5.945765343521276e-05","0.47234380876927423,0.15481849567213388,0.04975076183064035,0.06358819295079199,0.14470197401911133,0.04944189066725438,0.10737930553499725",0.03881468299387331,0.0017041627945989406,0.04128150669002938,0.9325910604956082,172.38987325553234,0.09085238498619962,0.9707104107505087,0.9690579771370913,0.028462584014932013,0.0009689509558134072,0.03112797705944617,0.9616727013580179,172.08576113538066,0.06850648589164614,0.9835160085225768,0.9819200360001263
102,"0.0,0.12467,0.0,0.0,0.0,0.0,0.0","0.04424980247175872,0.1803220770794017,0.0499890483669822,0.05821348607206822,0.08137929922204494,0.037828315136247063,0.029621895638547984","0.025144389440336593,0.18881581019604457,0.047980507621110585,0.04803984637594996,0.06302298480107371,0.03701123648325526,0.04231621195606247","0.029182992695266353,0.03128330498921482,0.03634830455906479,0.0391264110121806,0.05279808871935047,0.026681858577627518,0.01772641166096301","0.00012384085852317595,0.12360271934912052,8.999112126830425e-05,0.0025281262452716132,0.0028551148562231945,4.3884130109849525e-05,0.0008725708479837988","0.0965295165025711,0.24461386095970591,0.12169901464664873,0.13608013672315225,0.17786738464226534,0.08940091226678383,0.05126027121497956",0.050990560569578694,0.0028391345840685814,0.05328353013895177,-0.49178724878636104,176.64201618540625,0.4273965680512695,0.8121887720947217,0.8743693481368422,0.04680871241054759,0.0023556101815721173,0.04853462868480728,-0.23772548568121166,177.27488846929032,0.38930479413497454,0.8615890365786237,0.9135368604055105
52,"0.0,0.0,0.0,0.0,0.0,0.0,0.38737999999999995","0.028848800903618205,0.043609560824808,0.12187560183410193,0.27969452601244194,0.04314011843904467,0.11334576718614896,0.5034692774924854","0.026311303093150024,0.020702599226439418,0.047514057887441494,0.348888356423877,0.040512270993989144,0.10112405793472887,0.5310577790889219","0.019640076003462247,0.037974215440795635,0.08528010737926213,0.13440904064454187,0.03139958314490581,0.06486875397787147,0.04341092477348406","0.0007621869911996592,2.72675258580603e-05,0.0007675314986818484,0.011582413579945086,0.0002573742026907818,0.003246955338870025,0.4264489939926569","0.061117210816837714,0.12452771609405906,0.2839807329533177,0.46479496245009994,0.10599382797859767,0.23190463571273684,0.5497483624077284",0.10665766467037845,0.017714541488476728,0.1330959859968614,0.035948231116671225,175.15180114159466,0.3435799111902045,0.8344848844882174,0.6550393596069717,0.104104346378364,0.022516025232639635,0.15005340793410737,-0.2253556756107975,175.89820398943235,0.3873545560795792,0.8204257916993535,0.3644489354996674
708,"0.0,0.0,0.0,0.0,0.05782999999999999,0.0,0.0","0.04282043779712324,0.09265847122087938,0.06373292569427208,0.21681732491103847,0.32619508692020477,0.10312153071385563,0.03942737111758602","0.04545405630186282,0.03203230112998915,0.010001243664684698,0.29883893115576604,0.34358354434741945,0.05536234364730595,0.036277300195587565","0.026838887094011585,0.059676760248546595,0.05460084232769772,0.09896354882392604,0.08790302338474697,0.062184132537370686,0.03241151511046333","0.0002604190235569804,9.10931275084663e-06,0.001707473830703961,0.009111081047006206,0.12282800921914834,0.0029347030965485715,0.00015836449705975656","0.09443633657202487,0.19315756451678015,0.18434144733966462,0.35449298227025083,0.459764362337488,0.21473623569486677,0.10444158912589604",0.11813473548213708,0.02081417256413712,0.14427117717734586,-49.827365042082846,191.39490741328032,2.494746276627112,0.7686727970197882,-15.747829175231022,0.10910281720608796,0.025504712987121723,0.15970195048001676,-61.28147447588572,191.76766336087715,2.761576179837745,0.7411162000778247,-32.21379418510143
2898,"0.0,0.0,0.0,0.0,0.36178999999999994,0.0,0.0","0.051589868328306976,0.07831665291313138,0.05847166407748764,0.07159533619712952,0.48081870689907236,0.10306681870426335,0.059749332409218175","0.04216807472738068,0.04137806462099612,0.03741409639889415,0.03301612989305164,0.503716813634628,0.039295195412277883,0.04037002052263647","0.03612547366602824,0.05576233723349253,0.04900019499517574,0.058175241480230185,0.0428700780380761,0.071989472714888,0.04302983873458336","0.0002599538606411938,0.00019145007391413622,0.0002951731982272794,0.000742904845531411,0.4016659750203469,0.0005550212905088329,1.1161806300614922e-05","0.12155122947341769,0.18472316690891377,0.15958941650764116,0.18863507797702994,0.5491991100185607,0.2368116716038647,0.146853183720301",0.07740262564694421,0.006528632172864076,0.08079995156473843,0.5926629505624887,175.46463249614797,0.22333384439796136,0.9380703996867096,0.966466222470433,0.05365262788712356,0.004185320224059931,0.06469405091706602,0.7388678139801199,176.11374750604602,0.1788165812130408,0.9824350174220013,0.9184708646660267
2965,"0.0,0.0,0.50172,0.0,0.0,0.0,0.0","0.031649328443440185,0.04668701676357383,0.4405244010387785,0.09671352184030663,0.07530140061463271,0.034361751977671995,0.03441440943994915","0.04234886060043676,0.046514338042205554,0.432791837797103,0.13135897803646296,0.08481051273783319,0.03544826405154784,0.0022388514181027603","0.01919167238375776,0.025728172767176587,0.0416589113984745,0.05565381380456183,0.046024064325074304,0.024381600561966494,0.030860404561251022","0.00040871604998597765,0.003170686446516589,0.3645744716312876,0.0025162189934323414,0.0003586209453383013,0.00020718095805481146,0.0002432908542295926","0.06340962707452484,0.09529677509751798,0.5183127666631567,0.19322429158707202,0.1576753859741525,0.08385158850332511,0.09621647571595171",0.05433186114868516,0.003473592382111716,0.058937190144353814,0.8873059839241941,173.284189443047,0.11747028251684966,0.9508734908062271,0.9313549583807905,0.058806852441355154,0.004916813891986771,0.0701199963775439,0.8404834411087553,173.5359562505575,0.13975922103472832,0.9291243291694722,0.8901159577982053
1080,"0.09671000000000002,0.0,0.0,0.0,0.0,0.0,0.0","0.07290772099688403,0.2271231699618514,0.051218009941664346,0.04400996211382909,0.05829838284439844,0.037060707024167396,0.029004439063643948","0.050846581571400276,0.22951144396609371,0.02518782958244694,0.010376743219506542,0.035608126557012634,0.002069123529106079,0.02209785287167767","0.04027733435126499,0.05909705612848311,0.03633445184883824,0.03355806697228969,0.041944988404228604,0.02883206973109637,0.017103061592260858","0.0012938964911894226,0.1181258059985621,0.000250792572773779,0.0008496404774796485,0.000507142593450185,4.6552973588454394e-05,0.0010764961349900943","0.14062747730570666,0.34280925038959636,0.12249697906102763,0.11630597295448424,0.14032434726007817,0.09484963473504472,0.05571723865058336",0.0672167071360958,0.008903585579958167,0.0943588129427144,-6.774402126268828,175.43797038982285,0.9756882736295563,0.28151149950901494,-3.5872205621845614,0.05295921973634904,0.008183084952984771,0.09046040544340253,-6.145277875592922,180.30911995930708,0.9353779903154018,0.21156067738739853,-4.758279028276489
2947,"0.0,0.0,0.0,0.30628999999999995,0.0,0.0,0.0","0.06000534025378112,0.0799844409792452,0.10393268633537685,0.3298806366417215,0.11115344575782295,0.07767841753996708,0.04863582999587826","0.023683253565071782,0.005421922916644978,0.06099342656338884,0.2949747053381233,0.11379270128855626,0.034042023858789225,0.021376762521175784","0.071804237895681,0.09129782380134155,0.09829985111561008,0.06315540709420321,0.06299740701908846,0.058915710092664865,0.05110885986295966","0.0008879529849223474,1.894278202826465e-05,0.0007714203075341996,0.24240456722866358,0.0026365217225210727,0.0003190651976496376,0.0010055896973851749","0.2503160340553169,0.2988862411326613,0.32982572762106993,0.5071616817693224,0.21163579178670938,0.18758895523879449,0.1539602522718045",0.07214011392911328,0.006015877442646099,0.07756208766302064,0.47630530560335216,172.48806419818675,0.25323088466166266,0.8506830202650411,0.929341438657888,0.038660769339357644,0.00271473313651512,0.052103101025899795,0.7636768112632287,171.96626161781126,0.17011035628293383,0.9064987321361256,0.8729385856821037
2719,"0.0,0.0,0.0,0.0,0.17565999999999998,0.0,0.0","0.0306060486231785,0.06001248344791612,0.0527387741042268,0.29210306526303176,0.40058391860925097,0.11225826513977209,0.0293929670525584","0.03348703180969037,0.03887596988753375,0.007179098063939947,0.30400577021151637,0.41827838077170254,0.11515737067032314,0.03586010463768705","0.015702726450743457,0.03516569796387062,0.04134154073689984,0.07000667653643332,0.056789255494516785,0.056256619970669317,0.018045346065003413","5.2681844177912265e-05,0.0007649417239411967,3.537643131610746e-06,0.14087183007968104,0.2864107281665877,0.0007895706361565564,0.0002377751078346316","0.05522956117020234,0.12308487517649752,0.13407631393221228,0.4223149188210652,0.505752984874308,0.20898422255345586,0.05790570983050755",0.11457650317713353,0.022385777311267365,0.14961877325812883,-4.9247666757514335,182.58078920825744,0.8517520964256453,0.7758576596623649,-1.4502836037085682,0.11102624657891333,0.024073516559662795,0.1551564260985113,-5.371454816940885,183.09973793464516,0.8832769332717255,0.7840469396295437,-2.1089558044675525
944,"0.0,0.0,0.0,0.0,0.0,0.0,0.07347999999999999","0.030571891541491487,0.06634920861629488,0.05315734514684682,0.10611781345617988,0.0717946422377769,0.3421795761313888,0.29288737315184876","0.012416124411367104,0.016099764369925867,0.045992864208102044,0.02958916256542439,0.021234084332989428,0.4099280880238257,0.2848345429388037","0.022819711187054836,0.05651879359513691,0.040636498404673316,0.07423835047249144,0.057172831926413724,0.10898751957498118,0.09539592764047818","0.00011655178562004323,0.0003538942590716525,0.0003199267844359475,0.0008284555075075931,0.00015317456240127896,0.09841706086278311,0.08581826790349772","0.07410833739002554,0.1818073219251332,0.13496707740221273,0.24221890505083604,0.18685952124876276,0.5169170908106795,0.46541245066166936",0.1270825500402611,0.027114925725873828,0.164666103755065,-40.01237819085866,188.5392165062776,2.240964939508234,0.6141291121154485,-15.584914524633255,0.10665923297863403,0.03093812730953632,0.17589237422223944,-45.79511906333076,188.28164464545816,2.3937448859858392,0.5662514657205849,-28.588186890414235
2860,"0.0,0.0,0.14262000000000002,0.0,0.0,0.0,0.0","0.04247195421593624,0.13877975990350158,0.11290680515972605,0.22767183470874708,0.17628775695780494,0.09427096162234204,0.03128539697959541","0.0399106398019836,0.13481671131527706,0.12770568949346928,0.23334582878463245,0.19237851002002365,0.05334496066781144,0.04620844666725128","0.02822317407352054,0.04456063695811366,0.06621699587403872,0.055773047175785094,0.06292159873828668,0.05596167871075603,0.02088073160608117","3.203341726607076e-05,0.05147770265857351,0.0022141580499461765,0.10924443237794175,0.03252373514704923,0.003735934631760313,0.00042430748314754906","0.096266009835056,0.2162556352319704,0.22914100659749193,0.3330386907833353,0.2784575786035273,0.19937625044459684,0.06468985318504504",0.10578297988974304,0.01638917006337762,0.1280201939671145,-5.5802277774403795,174.7509172915707,0.8976314259368565,0.31733770947752293,-1.7796328863126285,0.10213134396621577,0.016633073396845364,0.12896927307248562,-5.67815460861538,173.00490388194615,0.9042860263110756,0.3508109206494009,-1.8323772387670902
1384,"0.24553999999999998,0.0,0.0,0.0,0.0,0.0,0.0","0.2443357861709583,0.08408969171082804,0.047783343674897706,0.03779098283229882,0.03724534445134503,0.03799972318740619,0.05125395446316308","0.23109272952530072,0.002863171457298673,0.029937242923494277,0.04050492446557445,0.043101969282588574,0.03708471287165338,0.03238146222266616","0.03661912599581859,0.05590180422331425,0.034431488073951154,0.028573787040519504,0.02572545505339715,0.02330732901074743,0.03646467950707284","0.17732260492324542,0.0006633161002864593,0.0009960027679103188,0.00017832739883136143,1.8029939926081438e-05,5.0144547202104713e-05,0.0002500148890804058","0.31114404203625007,0.18380936045084337,0.11569173342753865,0.09618656584250795,0.08624318907411528,0.08223619706328482,0.12056769944256342",0.042481036306997226,0.0023202993132690683,0.04816948529171833,0.6857000310419521,171.49880578261067,0.19617775226732237,0.8866454837833767,0.9262066538937097,0.028617250528282113,0.0010050605107533351,0.031702689329981694,0.863857871471903,172.2946033454964,0.12911415382414962,0.9416247588445907,0.945095775089011
3095,"0.0,0.0,0.37787000000000004,0.0,0.0,0.0,0.0","0.08078707144286364,0.04444570748444974,0.33200096916126426,0.06331691957880207,0.037098448507000864,0.06550310987263132,0.043166424811614174","0.05299403857803481,0.0018091238715361522,0.35449478976634,0.04091093433273731,0.026515265933622512,0.002772183552908948,0.019818808510234927","0.05771895780051977,0.036253995665631665,0.07418472807259234,0.05717466199135218,0.029356759636471816,0.046313199265243216,0.0321732974815887","0.002202680086310636,2.222308282079462e-05,0.13907404909745133,0.0003395515075448135,2.3399407158604366e-05,0.00010216726872131233,5.0099636131811136e-05","0.22056106399112102,0.11338909682198405,0.4481636015514294,0.20017411737167923,0.0962987583815816,0.1527262801053153,0.10717604460211493",0.0543123875051568,0.0031636092338243357,0.05624597082302283,0.8190565623909172,173.2747431910229,0.14885005642952026,0.9198646138141567,0.9161748343656038,0.0240279378589621,0.0008764679364836079,0.029605201172827857,0.9498701926629004,172.34049832465587,0.07834758295929249,0.9784783372212091,0.9670858747679766
664,"0.13406,0.0,0.0,0.0,0.0,0.0,0.0","0.11619642094851208,0.16674857821358247,0.0684569752837952,0.02833977499397701,0.07148501510968465,0.04973828610958093,0.028871325941823827","0.14293989564042725,0.1434681335542744,0.048197189974532026,0.0018660167884985471,0.04085921333332246,0.045990833262252874,0.04293078940602708","0.04158312103152751,0.05258209810177087,0.04946220625146884,0.03097461746061829,0.06293962521971032,0.04263571683524755,0.016320088708653698","0.03614024197258866,0.057663059174632054,0.0006835336946647189,2.7028739965729345e-07,0.0009248825949890813,4.712641231298043e-06,0.0020278368285571997","0.19726261563565944,0.26696944217344915,0.17072673142126446,0.09642056628493481,0.2081830957898069,0.13444685063434508,0.04958946277311275",0.06164336210056171,0.0060044648652121104,0.07748848214549121,-1.7284795773985215,173.46803147904768,0.5780134428277727,0.49450320412824,-0.27586614498064854,0.047456010279904946,0.0040880133956610045,0.06393757420844964,-0.8576278340498893,172.34449705888844,0.4769325243059051,0.6459406246840398,0.16573312888112135
2130,"0.0,0.0,0.0,0.0,0.0,0.51229,0.0","0.04653845208488304,0.08012073308586959,0.05267097511605017,0.07856322389017444,0.15017854522273724,0.5015944182861067,0.18267268113599866","0.04081719396762243,0.004522387520880996,0.04809542138315984,0.003499684977127494,0.08718955695135867,0.5470267790121401,0.016179813903522917","0.03496820621934518,0.08326967039868956,0.042552820675151884,0.06224598075738747,0.0888774371256178,0.04063314865318556,0.12896891781463807","0.00016235868873910994,0.00010277792845550618,0.0002633284399295891,0.00022858330323337122,0.00022653308354227684,0.42419520210146194,2.6167392091709075e-05","0.12072361292107986,0.2696964906878699,0.13495963193355937,0.19693593665830883,0.3074982066058383,0.5499905226169814,0.4272626647584497",0.08592002746422948,0.010509838643885414,0.10251750408532884,0.6729537896048013,171.7299746688786,0.2001161531268009,0.8797851980000856,0.8866251921293581,0.033577262530830355,0.0018689088143867833,0.04323087802007708,0.941843108535735,172.36547663012254,0.08438751101929977,0.9807285077574535,0.9769266677046157
3072,"0.0,0.53413,0.0,0.0,0.0,0.0,0.0","0.047703478774310186,0.5279110655908622,0.04243316142809217,0.057913195788936334,0.04803442665552933,0.06052958302563209,0.04367685492258676","0.044734344272958734,0.5412713191316086,0.04457682125923873,0.03749743564816342,0.028784944768971074,0.04422462411685345,0.03535408499650591","0.03852178342851067,0.017832239547656382,0.0347765646804241,0.04816690446984549,0.04342506523686669,0.0480213412155095,0.035463577771422956","5.0370192964741666e-05,0.4919296667047065,0.0003125757175670991,0.00017376345861332455,0.00023201321395189623,1.3756452910484829e-05,0.00014067105488531473","0.12909416294579348,0.5499454160187885,0.11397157978788777,0.15832153247575206,0.13758326056600814,0.15839000001702297,0.1168075924344845",0.04378709071488924,0.002192516098419633,0.0468243109764536,0.9372384475077662,171.59587554327834,0.08766463403376257,0.9736162550982944,0.987758229396693,0.034616224884899995,0.0013542303456867439,0.03679986882703176,0.961234675089201,171.6183030997575,0.06889683939683554,0.984287080357469,0.9955359525329541
390,"0.0,0.42759,0.0,0.0,0.0,0.0,0.0","0.045153497097701736,0.4012804259465391,0.03882677709232116,0.02763597274522569,0.05955276563779262,0.029881452464570146,0.03046491098167673","0.01662088140389714,0.39921180401054357,0.002179759142545948,0.045429023140746316,0.02785953087830649,0.029110783270205425,0.005405036688433758","0.029100890250970405,0.01708441976439206,0.02967014336695462,0.014699493488351596,0.043243965572061054,0.021151839413346418,0.023387721156649815","0.0006612402246050488,0.3649772850141981,0.0001755306040937421,0.0028750718744812013,0.000667754621400824,7.451746055323213e-05,9.616387962431178e-05","0.10126124511502428,0.431480368882284,0.09534482532969349,0.049994677053794144,0.14813706837734925,0.06649939930087884,0.07837258586798417",0.03683213572467842,0.001481405927657437,0.0384890364604966,0.933829589630209,172.3354708573389,0.09001388353445264,0.9712400889348082,0.9722155969261835,0.022140458644798792,0.0006861326835239848,0.02619413452519447,0.9693523021683178,172.40922434413815,0.06125993247081191,0.9876892228052558,0.978147666332658
1388,"0.0,0.0,0.44362,0.0,0.0,0.0,0.0","0.057525345097454134,0.03508927106151983,0.41014448939504095,0.07768991609713063,0.047116179361416176,0.0577536344620192,0.0569284266786594","0.04814143538852933,0.043591397144273125,0.43503071956723977,0.047543444995257145,0.04430217221425954,0.042293742640097054,0.026137827385979785","0.047460898493942624,0.023380844165971772,0.09956537275467797,0.08141008598177868,0.04203894743947062,0.040571885487444614,0.04587990786920483","0.0008852493170931236,0.00048250235139542496,0.10835377246023496,9.429487689160564e-05,9.189811476132649e-05,0.0014981011174027862,0.0009270499338855106","0.1575559867930473,0.07963888499933264,0.548706857575901,0.30472181574555984,0.1263474807088381,0.1365388247323904,0.15739228793364676",0.05222546905187977,0.0029275739372784425,0.05410705995781366,0.8785128156170222,172.54883723023227,0.12196713393853671,0.9469585854142661,0.9540368914936281,0.03722847145730803,0.0015695131080707535,0.03961708101401154,0.9348690306592393,171.70787241461676,0.0893040913710192,0.9723583566209331,0.9850503030405456
2454,"0.39407000000000003,0.0,0.0,0.0,0.0,0.0,0.0","0.378837209006806,0.07519578709585348,0.02861520052204464,0.03320838154219671,0.031241443164494655,0.028528512922256263,0.031192140081998884","0.37948047507874655,0.05943725978177751,0.02957662501166341,0.04316871027321445,0.03023067564468272,0.04834751828761048,0.005290572630191986","0.019549738768213,0.04855144294205972,0.017478431751630805,0.023400786525740166,0.02240485722611799,0.01379941624956625,0.022931413138713795","0.33990501740448686,0.00017009554469371387,0.00016797886471264456,0.0003460299130716524,4.3740269259387794e-05,0.004974330311780497,0.0003291604483410215","0.4129960256712835,0.16565792203664736,0.05671152279557399,0.07698518557235152,0.07558770019977008,0.049952028378934255,0.07417911006761779",0.03474489376029123,0.0015101320067752752,0.03886041696605011,0.9205830883557363,171.99166955307308,0.09861297984127212,0.9658166320328629,0.9691606517356012,0.03294869807862772,0.0013947604021125497,0.03734649116198936,0.9266504099492452,171.9674419775634,0.09477121110967432,0.968403125323294,0.9702103807475961
2376,"0.0,0.0,0.0,0.0,0.0,0.12508000000000002,0.0","0.05369445687509838,0.28375142948883014,0.0739421273330339,0.10758572616541918,0.05329226463312972,0.29038765716450976,0.11291315302415689","0.023364630625744023,0.3268506297977074,0.0401391032488516,0.04227795635768572,0.01212477150704851,0.2752514245013475,0.004357461213648317","0.03542046027752658,0.08060808322171453,0.05520705164512893,0.0900932227471414,0.05758836950901554,0.06386602958959187,0.07829212228280674","0.0006617452407562896,0.11607401579804032,0.0002787412128326163,0.0005695088114741019,0.0007124531484727942,0.17052953788627212,0.0005744252010214557","0.12001008378278746,0.4202024975921881,0.18383539169185856,0.3001399383648639,0.17873030738933562,0.42148790288606763,0.2593393289047491",0.121498116383454,0.020479451745420683,0.14310643502449735,-9.690238894433145,182.79666672441252,1.1441192438798955,0.6487517874553674,-1.9846084900927683,0.08561228246457615,0.01907046680799004,0.13809586093721288,-8.9547511593594,182.1462215205029,1.1040602889127986,0.6370175796381102,-5.128784017420698
1586,"0.13856000000000002,0.0,0.0,0.0,0.0,0.0,0.0","0.13384028574725862,0.09199646758587303,0.03312411948484791,0.040257329673317355,0.04844182635222777,0.027757517842930214,0.025341837202174106","0.15223184036076753,0.11904820355022894,0.026190925775720096,0.00938198877232915,0.0021955394408451475,0.038682172514014485,0.02890728793182218","0.026914854272333293,0.04748148083270831,0.022774642420067638,0.028791765742904634,0.03770516833158521,0.01491580729021941,0.013646982892393677","0.0850856502607246,0.00044232820498997315,0.00014759724293530497,0.00022188973309678216,0.00019588435151889267,0.002088425512572206,0.003652485127406666","0.18896578948819054,0.16452724341582062,0.07682189186967195,0.09360374107442813,0.12209291447548822,0.04996640029925316,0.04939007059211836",0.03880554462773025,0.0021375406692714614,0.04623354484864276,0.09074967125240119,171.92361121268848,0.33367165739493904,0.7384047916511625,0.6875600045382788,0.0340111369065325,0.0024957346361591426,0.04995732815272593,-0.06161607637055977,172.77188288402016,0.3605465368990035,0.7568409110477485,0.43043635190375595
1059,"0.32033999999999996,0.0,0.0,0.0,0.0,0.0,0.0","0.30800680505780764,0.07479054660297342,0.033118614617650866,0.037923322737573595,0.03587175248871804,0.03019745702149241,0.06320806075810155","0.30295138242186664,0.03852737189912152,0.0018718292229838315,0.03693945511153858,0.024320656383357744,0.044348226886501016,0.04480331908663451","0.030961508196441726,0.04949425300526441,0.02643761129681581,0.027714271579884788,0.030160952581225465,0.017005726993598955,0.03856089057821754","0.24703907649295526,0.001995097733583156,7.500662876048606e-06,8.054149142028413e-05,9.638772009931564e-05,1.2655067616604983e-05,0.00033172132749411217","0.3656570523248252,0.16980210852673674,0.08749976173031326,0.09314639548342793,0.09780808169392241,0.057719870003447235,0.1311660275656943",0.041063278452671735,0.0020678117974686984,0.04547319867206065,0.835436507423795,171.98937160374845,0.1419529208717633,0.9321104004035798,0.9475866037068201,0.029742782309752934,0.0011029066359116995,0.03321003817991933,0.9122269404723959,172.22565872850984,0.10367121864244032,0.9618836123603188,0.9610737266596495
228,"0.0,0.0,0.0,0.0,0.0,0.0,0.32269000000000003","0.09958380386570757,0.33445849620265644,0.08463582650852775,0.0759452608434543,0.04461261311939886,0.04252415916902903,0.3830933901412528","0.03282755713992004,0.40094399087113164,0.025715547943515542,0.039964651194686826,0.02447737074152858,0.03569300290985793,0.4203955227016824","0.06532447752129326,0.12567729841644026,0.0849961265878771,0.06377755651344094,0.03531961066973953,0.03515143842536071,0.10141529497897372","0.0006347779566541656,0.009347815376282128,0.00017385411254550244,0.0006602883265491654,0.0002611147992384624,0.000714488072132158,0.19967484956604564","0.22051888228040256,0.49488317510505453,0.2567693946438135,0.195506264443651,0.11946133238816943,0.11326768448565037,0.5494750486682606",0.10602336426428957,0.020308212050114068,0.14250688422007574,-0.5927422664168707,173.87381336965416,0.44162163134920734,0.7172606715199707,0.2888686868273497,0.09390394907176043,0.025073099482306193,0.15834487513748652,-0.9664451600661579,175.18532119373393,0.4907027646889786,0.718129012803066,-0.2748665876372718
360,"0.0,0.0,0.0,0.38761999999999996,0.0,0.0,0.0","0.3293754034226453,0.2299913641142354,0.4815876586421201,0.4888788578167951,0.07161536148388246,0.11693660842401206,0.1904948779233743","0.3495712983082508,0.2081611891919358,0.5445635458014162,0.5332050081782402,0.01671243986586029,0.08329519726216636,0.18947394705253878","0.06374428340285776,0.10180266737282205,0.07213220495387647,0.049450269007160146,0.05917717489495068,0.06201880205247596,0.07739078513937502","0.1967357899383743,0.05044864054393129,0.3546935283618507,0.3934869997077541,0.0003207025112643301,0.0019106521613280114,0.048804934656892784","0.44495147703402177,0.43697973934707524,0.549975116194881,0.5499240881498316,0.18821910540095302,0.22800377602215602,0.34002901856287654",0.21732287597529498,0.0655222060135625,0.2559730572024378,-2.5614019004636615,174.7293289795205,0.6603711294629736,0.5896509894531661,0.005701503700602184,0.2196232322372012,0.07519905649338111,0.2742244637033339,-3.0873786003659074,175.94579416393645,0.7074569519202671,0.6000901628744504,-0.46564214548683625
3393,"0.0,0.0,0.0,0.28728,0.0,0.0,0.0","0.026621711510847305,0.055676699252981944,0.16789599332056085,0.27927779357078975,0.5184047273484133,0.12038459424803682,0.04906699489047056","0.00825921645019032,0.03533016416694632,0.16972336244952577,0.28926701168305025,0.5428517100074497,0.0898793360251823,0.04531209558045018","0.016826361924631526,0.04540405617413909,0.06163732255537435,0.07513364541152259,0.029471221245920994,0.05628507618657815,0.051047067922133676","0.0003665928679523435,9.442987111608142e-05,0.05182439320527046,0.12227142774745488,0.4542086574914613,0.014951282768040442,1.7528512341160364e-05","0.04969880984206703,0.1435374938489331,0.2867371022002847,0.416378593821948,0.5499810089659024,0.2279043531257519,0.14308069639849053",0.13515041814293155,0.04538645601447656,0.2130409726190635,-3.4911785153658936,171.8321215553202,0.7415795482423542,0.44400495972660203,-1.7443544279303245,0.12762041376611352,0.047849409034466835,0.21874507773768725,-3.7348979563420226,171.52704000307176,0.7614351076917546,0.4470852200996256,-2.123234561314135
1122,"0.0,0.0,0.0,0.0,0.40093,0.0,0.0","0.05573870754075276,0.06744829153118287,0.06549894107736456,0.06852647056888227,0.5006681455893321,0.096765790215841,0.062411416016760445","0.038714742654472986,0.02708433944894887,0.04101262631424565,0.04239364756214383,0.544968883075333,0.0759668738090146,0.037789484315821104","0.04887467213362835,0.04846731894433499,0.0510336640571385,0.057562406924785564,0.039866600336631745,0.0736340655300388,0.05007213293538429","0.00034216599946069684,8.705037540791351e-05,5.088002214360433e-06,0.00042684758266779596,0.4262252816097399,0.0005033966898458714,0.00010849802027564564","0.1203134472114054,0.1592453730606524,0.1745444417697846,0.1880573619358213,0.5495633824645674,0.23562867870274457,0.1422859920871598",0.07373253750573086,0.00569265209865501,0.07544966599432372,0.7107839670776575,174.5892492943069,0.18818663106857486,0.9452131683584871,0.9869854986479788,0.05814294245428285,0.00480826578453758,0.06934165980518191,0.7557153447390972,175.7793500719663,0.1729520360291869,0.9789481615972125,0.9274673176641334
2320,"0.0,0.0,0.0,0.17661,0.0,0.0,0.0","0.028671872566439438,0.06768652827955701,0.08014196236880862,0.25367795759185613,0.1923016565323204,0.06391377891160337,0.02876410360520193","0.021698624354152755,0.04371122695921026,0.07536838796057477,0.29273791349972395,0.26183116575283566,0.06825741522638597,0.03728080379246962","0.015397976259734679,0.04316146630701217,0.04701450610515236,0.07567208634432222,0.09587110442727177,0.045574398825047005,0.01605664349673472","4.862329976112427e-07,0.000532587918091391,0.0010908855486609498,0.10919931829262385,0.007195376618959305,0.000448657469313133,0.0008304888132152701","0.049818976409619686,0.1423053517112788,0.16269283911239585,0.3836370968040356,0.3136539143247329,0.1503187228766391,0.04998083889517227",0.0769354085508267,0.008522574071822246,0.0923177884907467,-1.2314390712388152,176.5459390114454,0.5227211850447127,0.7382628438757668,0.31832924308945176,0.08918221964933615,0.013736011469000869,0.1172007315207583,-2.596457175567778,178.4978270708645,0.6636132241705357,0.7134394127054043,-0.5140252987139622
2311,"0.0,0.0,0.0,0.09222000000000002,0.0,0.0,0.0","0.039078583189186104,0.1497665829817599,0.08756617599055093,0.2514368954302835,0.13941661544796213,0.16490850657854705,0.040647164017228565","0.03175814425249625,0.1928727098655547,0.04273067617679638,0.28564343924153124,0.0045005857131429515,0.11675999524497829,0.04356331475461728","0.02597150508236647,0.0690186113666473,0.06924078495062086,0.08202456613486309,0.09432538865508625,0.08873916128957654,0.028717264698978","0.0007175800718456581,0.0002307934243504832,0.00010413762217877941,0.0701566311429792,0.00010098642552166842,0.0027470765825295925,0.0008254447848012791","0.08857715493325877,0.24713288987834628,0.2278573996307878,0.38796655336783875,0.2912081239821678,0.3157380819721076,0.10104100257537875",0.11151436051935973,0.01503700287967823,0.12262545771444945,-13.439623740222775,184.66576880665752,1.3297056789682218,0.6646062318837498,-1.498197775908578,0.08937269503558816,0.013285416232224555,0.11526237995210994,-11.757622856136322,186.053918589499,1.2498631528096933,0.7712281500949778,-4.087464992977845
3028,"0.0,0.0,0.10837999999999998,0.0,0.0,0.0,0.0","0.04303085796625297,0.14197534991719687,0.10155087270804024,0.24586644197487242,0.16692536554630075,0.1148003728033797,0.03775885361549415","0.02767536507966852,0.18828072451158911,0.04963057424827168,0.30782654245698104,0.17903006712790265,0.028817022864521258,0.038111363236818276","0.0269111026183125,0.05410905727288932,0.06730082018413923,0.07717502258466942,0.08677755453436656,0.07722469458422841,0.028476212798694292","0.0027078313848346997,0.03145113680484616,0.00056592366816653,0.0853650218889265,0.0026255071956153204,0.0021365410407229936,0.0009113692762453156","0.09701499667477978,0.23517762413006418,0.2313843506553021,0.38363766569521274,0.29509439780466584,0.26001909807875867,0.09392536894572752",0.10816948130220809,0.017853504753613265,0.13361700772586274,-11.412807485144624,172.35801034391753,1.2328566868966855,0.2761406320730251,-3.568669115331895,0.11835578728988704,0.024108413438920513,0.15526884246016814,-15.761588210238092,182.05162643272922,1.432633718953388,0.12116896004340229,-8.588941030162312
3097,"0.0,0.0,0.0,0.20617999999999997,0.0,0.0,0.0","0.09894703825453252,0.14034752169503226,0.06122476928632352,0.42327284746801297,0.08061670461474506,0.13843055093688902,0.06422829191419825","0.05972815967785735,0.12452300501207231,0.04268504829877359,0.3926181088628449,0.04919757931588714,0.03878036153994424,0.019189146836441722","0.07208553606169602,0.06407923776567456,0.04864987769274958,0.060638088428276185,0.05896502136391087,0.08857031347790138,0.06025762352579075","0.0003171577811286667,0.020675300868887202,0.0002736987319940011,0.3079741163306922,0.0003568838101167223,0.003417254062403022,0.00021475292972697503","0.2490775447505751,0.2417271140377232,0.15629886026650952,0.5308935161257311,0.19886113130862604,0.30183591826641576,0.19994411048255306",0.11441253202424764,0.015736151999866017,0.12544382009435945,-2.023084600268848,181.2826102334647,0.6084189547694222,0.8600980995162057,0.49168934966735367,0.07436305850626017,0.008563879318340737,0.09254123036971541,-0.6452136256727306,180.32439630096945,0.44883708589443894,0.9271188636018565,0.41713300914618656
1657,"0.0,0.0,0.0,0.0,0.13473000000000002,0.0,0.0","0.0304295326297101,0.07274626891175598,0.06121982185447038,0.24453401639733544,0.36433121378360234,0.11927476490371577,0.03287168538243259","0.022361615991995376,0.05009043238672989,0.021255534832323435,0.27865819631026045,0.36023375524424484,0.12401395942564235,0.0474556270661073","0.020758263105297426,0.046245174590860555,0.04944938077230837,0.07622356608501106,0.06396673418124334,0.06062214490791146,0.023776109853106665","0.0001266951723338355,0.0010859174886187126,0.0002462942401532356,0.08219354272191932,0.23048330660382937,0.00020946347476424724,6.542763211118884e-05","0.06919616501276246,0.1578617362557599,0.16704435779160368,0.3826810483190619,0.49941780292703597,0.21688457458022034,0.07841455456548967",0.11295390055186037,0.019683780353367323,0.14029889647950664,-7.855737204102606,184.57332100707902,1.0413337525384592,0.7806574084799706,-2.115647553053187,0.10990558875104338,0.021370674817182484,0.14618712261065434,-8.614671402433418,184.44561432774393,1.085037650194124,0.753582350448604,-3.180219314542607
422,"0.0,0.0,0.0,0.0,0.31253,0.0,0.0","0.050358455140013574,0.06160301727142387,0.05691457976332435,0.1194719001737843,0.4631282121161938,0.11426719825514028,0.06264274779674557","0.036456465982693864,0.008555491312845935,0.0366070863633023,0.05470635562043523,0.478200373776765,0.05391235312826867,0.024260479497107607","0.060820155866617265,0.04864458602665081,0.047640669055488874,0.08395310934257103,0.05132426034434088,0.07707773821058357,0.059681872869903195","3.0091229897766918e-05,3.910776445447403e-05,0.00040315463616164894,0.0001406108384624775,0.37503240861273823,9.685583484982221e-05,0.00026408099152924974","0.11449694343564129,0.15849034891432687,0.15631050943251415,0.2787209549210194,0.5499508670232732,0.248235663664093,0.16643521017839574",0.08797944435951797,0.009072091143286132,0.09524752565440286,0.24147690141626876,176.97586789659118,0.30476282486290235,0.9165689683992827,0.8886550353057057,0.05430980081163123,0.005239559984774435,0.0723848049301401,0.5619171796121489,177.4147323346669,0.23160914129888366,0.9804091493337178,0.8085312354333896
1352,"0.0,0.0,0.05603999999999998,0.0,0.0,0.0,0.0","0.03972699973401852,0.20971331259959233,0.0703384405286838,0.26710777818589565,0.12121020102515616,0.20173523257006587,0.04114965477753225","0.04252048988871125,0.23691431664501966,0.02948096139092416,0.27426260129122376,0.037109919539387255,0.18513985950121026,0.04065447857646978","0.027418524832207122,0.051797330655965965,0.059902110537264304,0.09191555040095682,0.08515658209773266,0.08249818075075088,0.032182172425982945","0.0011531005372038428,0.09186013324111118,0.00021307994697198303,0.0510962990033672,0.00019914927633679768,0.05114056797065732,0.0008943937668467709","0.09467675674834011,0.29499122483205903,0.19976507015919828,0.43427752564535704,0.28019964466916103,0.3548152089143527,0.10500800225023503",0.12784880277442065,0.0248844613627552,0.15774809464064915,-63.71080777202059,174.66113918727382,2.8149196045797504,0.1662822758314945,-21.20562310162993,0.12045152915015682,0.02445263468904173,0.15637338229072661,-62.587863920990436,180.3015969676126,2.790388691840233,0.07122331151601015,-29.463042544703097
1884,"0.0,0.0,0.0,0.21907,0.0,0.0,0.0","0.08715912289906355,0.14157236459207803,0.10044031737728167,0.3092521391549308,0.10190781555696979,0.13029063442628078,0.0580643245521292","0.04725000475359745,0.16058038766376637,0.03886871804516415,0.31772960048979537,0.04023356300260414,0.10107251812313589,0.009377438156997198","0.05538461494215413,0.0655744394157507,0.07806024245614736,0.07529556614722611,0.07069868669355442,0.07969221765275598,0.05183482612222369","0.0016218579485103607,0.010348079339182257,0.002044160136241975,0.17639025548321044,0.0005630255931547528,0.006891089595342165,0.0007102352502379404","0.18760062319136028,0.245378356807408,0.257355938929775,0.47229162783228024,0.23680577863198626,0.2821994915606155,0.1697789692775524",0.10137381693696197,0.01094183439637512,0.10460322364236735,-0.8619548711897993,176.3055817908575,0.4774876689750644,0.7634182068577348,0.886806739488925,0.0708631757478658,0.007312206817252204,0.08551144261005193,-0.2443068144990812,176.67977825828564,0.39033844255284583,0.8419704346264807,0.6102092585498624
886,"0.0,0.051429999999999976,0.0,0.0,0.0,0.0,0.0","0.0314541988925805,0.14635698522311316,0.06499870121374426,0.06320121735101665,0.07052883495442151,0.04459004459981184,0.027492668369070064","0.003996621129050912,0.14627241298454044,0.02749407096616623,0.021346815866104072,0.07290159694689644,0.044336875240301984,0.015785674291002985","0.021696623144494945,0.03442041248599399,0.04435712688221443,0.044040994540637084,0.048251279652990045,0.029522744976412038,0.015761294080839768","4.0730594362440834e-05,0.08148248281077901,0.0001123636936584593,0.000522267422229136,0.00043510649742408797,0.00019011607922377115,0.0008011728334263149","0.07338659813584598,0.2146797650344643,0.14660171170004918,0.14792536571818873,0.16389836852395215,0.10024890907329648,0.05058316816265533",0.056741807229108286,0.003705451376734302,0.0608724188506938,-10.440707960507648,185.14130169109978,1.1835974888332457,0.7473869764438014,-0.4999818318359377,0.04010058106058044,0.002536036517628103,0.05035907582182285,-6.830099554817711,185.13494550475238,0.9791770527284245,0.8423618043385521,-1.8651697554273468
426,"0.0,0.0,0.25434999999999997,0.0,0.0,0.0,0.0","0.05296398941114551,0.13125728561734507,0.14565668063082776,0.1676048890350329,0.06600454524047782,0.050100429297883886,0.03735097552470406","0.032002774842909976,0.17090888684595404,0.08899566553385188,0.19134846551662035,0.01237336012503782,0.031854578742102097,0.005944251757232883","0.03611928316107733,0.04185066714469779,0.07510665193373915,0.050510138501219,0.047885970850311266,0.03894178912628603,0.027396662358578034","0.0010271684593157761,0.04755208621077644,0.012652937759231209,0.06737265037778582,0.00010260315000459153,0.00017580826979173353,0.00033691901676325705","0.11985691048020783,0.20366483610602024,0.28270416321038344,0.2546074646891279,0.15785343551431694,0.12647739056772242,0.09375711266332964",0.08771077621368019,0.00974300629811334,0.09870666795163,-0.2299128216862354,179.19225028926004,0.38807418105614316,0.5228679990170462,0.17528410678655548,0.08711237889942933,0.013627637819921596,0.11673747393155977,-0.7202910447941957,185.1884933685496,0.45896392345806875,0.3228814627861005,-0.5196423135877604
2021,"0.0,0.0,0.0,0.0,0.52683,0.0,0.0","0.05776983919059409,0.055191117295736725,0.043546845636663174,0.04068448517801086,0.5182883813741808,0.11549223106046634,0.03029329715054208","0.0433192344406788,0.04349696244100053,0.002748425575484675,0.008014813008566322,0.5446021596758424,0.0445900161939075,0.0019797086172803065","0.03805536398153782,0.03987938304741421,0.03690110129020473,0.03920679722309122,0.028700023941286772,0.07661173530754584,0.022500013616220938","0.0005617863155395591,0.00044635849324493345,4.393858786809219e-05,9.095129665214257e-05,0.4578197782669625,0.000846027194883732,2.5382044916149264e-06","0.1304656963868706,0.13346532304765493,0.11993686206961757,0.11796313083837548,0.5498670524848791,0.25754506932574095,0.07089238961429499",0.05021706201969036,0.003466295340555165,0.058875252360861816,0.8980072274341856,171.66208205358893,0.11175379602691915,0.9578016665877228,0.9651708800362805,0.02313161713610864,0.0008783387621074955,0.029636780562461496,0.9741556339555819,171.90249409941228,0.05625492200987319,0.9903100996120735,0.9898996609349724
46,"0.0,0.0,0.0,0.0,0.0,0.42703,0.0","0.03316160112096631,0.03050221897548777,0.0427391796962892,0.07539759937467266,0.08893886299247653,0.4909751764397855,0.11384882939440741","0.029218132827569535,0.001976994318136585,0.02570104194341434,0.014945701486347046,0.013086334132118582,0.5291110683584266,0.04640967865806851","0.019799690695504336,0.023627244254060435,0.03310341445079361,0.054440949994818744,0.0743598768563445,0.04160232371787445,0.08419463747049856","0.00021081382302546157,3.0271523030109906e-06,0.00010395301778048546,0.00030782833782076887,8.85039612967458e-05,0.4109999702117229,0.0010566710409982926","0.06825216360243953,0.07550069686739876,0.11129348654516498,0.17900182680609578,0.2366462064711666,0.5490862278047437,0.27355510818386936",0.06407620971344076,0.004928882216956673,0.07020599843999566,0.7792623082075889,173.41876177610547,0.16440530744911516,0.9423207671654233,0.9631368844936906,0.033345564532011596,0.0020695971819599955,0.04549282560975956,0.9073140552407029,174.47896017309563,0.10653309043804782,0.99281525389914,0.957111172852406
1089,"0.0,0.0,0.0,0.0,0.0,0.10285,0.0","0.06587386354852465,0.2979375595810168,0.06370573142746144,0.10876653350874223,0.05625778847413143,0.20712647834853995,0.17370551582949362","0.04704831449557625,0.3329417743925407,0.013954113626836143,0.047320067348690126,0.02482179660458985,0.21186064759806994,0.14060003716134434","0.03807072342624238,0.0930609387683616,0.05620313762203811,0.09700017043380126,0.06888981315587552,0.07012867030354757,0.08802088455260669","0.0035164929861884703,0.0610776925159044,0.000519300401116442,0.001134125382868646,0.0002545189762304188,0.06357168746171192,0.012287926783904102","0.13513257938336823,0.44330740870705726,0.16094389808776116,0.31599015852255524,0.19029234494662128,0.3404005387181093,0.33812086476900244",0.1243604958168443,0.021886694752354555,0.14794152477365696,-15.897265131649043,181.04003604255882,1.4384202700404178,0.48125416154761064,-3.9573530935289156,0.10224239303252104,0.021109355488532138,0.1452905898141106,-15.2971330520149,181.32524939337674,1.4126455013525583,0.49829966901924366,-7.226673798056096
2495,"0.0,0.0,0.0,0.0,0.0,0.35074000000000005,0.0","0.04415136735491201,0.14977551751097848,0.07028191706662346,0.10785233675461174,0.12498998951916193,0.3982366428924949,0.1942282310163262","0.04070735589679537,0.0329168772236475,0.035981474648015016,0.031530480595401596,0.005245266700793269,0.3978457676703751,0.1150648759538794","0.03413797487188882,0.1050740306462772,0.05452949234579398,0.08109938785111935,0.10160311109562788,0.061792895792397266,0.11213598501676822","0.0004477509421715569,0.00018121840201597446,6.279848659182485e-05,6.654282489695234e-05,0.0005023436645565321,0.28304117725670763,0.001727043868150711","0.11437963056341136,0.33706042788959983,0.17600339552851385,0.2721525843445164,0.321220623689046,0.5171626561677072,0.3911684288973552",0.10553942887358694,0.013793822512109784,0.11744710516700607,0.0842880792102344,173.24043959917918,0.3348551781006046,0.7919041139768745,0.8237293964602722,0.04407887124127246,0.0029308341719353204,0.0541371792018694,0.8054346583955948,173.22646705312337,0.15435131208835431,0.9467738901089587,0.9344184572653531
2878,"0.0,0.0,0.0,0.0,0.13279000000000002,0.0,0.0","0.044055883026723204,0.05272352107670908,0.04751655777962347,0.09533956802025009,0.08939248251904075,0.22441206417939832,0.3932692649828449","0.015572048479566877,0.045851558994753155,0.04431658845798701,0.0272903100334702,0.04007932847973452,0.0714577056496927,0.5442812789627383","0.038519390409709676,0.04867900083357748,0.03696550021093219,0.06570139505474705,0.07319226158881877,0.15190723015216626,0.12703957959661513","9.258945336342015e-05,0.000232610870693999,0.00025671509726747746,0.0011366495858294902,0.00044924187676146553,0.00028308594192602896,0.12361957115257777","0.12814004364858525,0.15217019411668792,0.11879269269999375,0.22335055435396314,0.23308591475611873,0.49049805365281957,0.5497788812241213",0.12867348236378692,0.031853282978631194,0.1784748805256112,-13.752590504938242,177.00925023288846,1.3440385610784786,0.18676985978216262,-7.491056467291083,0.12021145172835339,0.04499959401859251,0.21213107744645177,-19.84119818638836,186.75156916591135,1.5974928642702895,0.07221697075662935,-15.772986307932612
1103,"0.12834,0.0,0.0,0.0,0.0,0.0,0.0","0.11218529767477228,0.16726118538833135,0.05536185797611621,0.05049525605690165,0.05373361902450202,0.03369304888160459,0.024374020414848124","0.11240984222747924,0.15376055947103148,0.03727174914218569,0.022333512128998603,0.008836246472297693,0.026525787547721398,0.0009502015906713457","0.04299722313995063,0.05375150927172445,0.03956094321243963,0.03692170396709379,0.04437123615456726,0.02307692041523179,0.016645174004494886","0.019311748241896663,0.049292125603105426,0.0027855430629403957,0.0002076488928258263,0.00032885816842912304,0.0005946062889792287,1.058091154257177e-05","0.18814329868931925,0.2672852761180968,0.13664402445981338,0.1252842741201747,0.142016715324564,0.07868767181194068,0.04932707943205916",0.05729624143821881,0.005495514425019735,0.07413173696211181,-1.7247653753568142,173.34755013077032,0.5776198921779009,0.4977752463802651,-0.3487528528032784,0.03794403058934671,0.0037952354519207314,0.061605482320331945,-0.8817394243639247,173.31911208570344,0.48001778339046236,0.5695829935780539,-0.3288731347763849
1871,"0.0,0.49046999999999996,0.0,0.0,0.0,0.0,0.0","0.04038813492341864,0.46469108600692666,0.039127898537584166,0.030414254385721186,0.03794332014717873,0.031415515895832476,0.03536233188419966","0.028827707769716257,0.4787280988923278,0.03193761191707189,0.0022788627770871004,0.03370567542089847,0.03701289021659161,0.0188899793836194","0.03261522987011165,0.021829542392022273,0.03380995380582812,0.023033832235319476,0.029738189555666858,0.022796774629095483,0.03060466238052184","2.465666486471989e-05,0.4215726605875909,0.0001963823699791472,7.479439848709199e-05,0.0001047310867007742,0.0005100409339327538,4.504398919000344e-05","0.10717976515074909,0.5050878784725847,0.10354754826213805,0.0720709329738514,0.09776248397082335,0.07546859270278992,0.09533404636449008",0.03434719568100116,0.0012041282660203239,0.034700551379197475,0.9591217134373384,172.19968785133236,0.07074958994270288,0.9824925405829958,0.9838367639495138,0.02348494694180812,0.0006938530237541122,0.0263410900259293,0.9764447662779879,171.7747162354732,0.05370581284467817,0.9898607285254593,0.9902014127371878
1466,"0.29725999999999997,0.0,0.0,0.0,0.0,0.0,0.0","0.296298582740478,0.08065949868077973,0.04698835885014433,0.045844892322405496,0.035260592940034745,0.028658176080826922,0.07883543928110916","0.2914377032813158,0.02477177902625688,0.028894659797471994,0.04785609420767473,0.001963468839856073,0.02616853988782613,0.07598919946214054","0.03587997348355727,0.055574801274031534,0.034173123100545974,0.037657007936869276,0.027229371412796508,0.017963936100573685,0.04314616016218868","0.22499225477124224,0.0018025802711318813,9.814623542729646e-05,0.00014820358747614305,0.0002886339728939057,3.6676300044401508e-06,0.0008696250244863855","0.3655520608887071,0.18184375322579963,0.11536041390893666,0.12437367756758935,0.09037617064386655,0.05577311890380636,0.15624740676433163",0.04531548220211747,0.002728023718210352,0.05223048648261235,0.7478726120036396,171.47485003586735,0.17570640679072985,0.9062852505981288,0.9353651169185373,0.03020943399141579,0.0014622362024963426,0.0382391971999458,0.8648582884715621,171.71114656669803,0.12863889255179237,0.9448642917537562,0.9401695618836392
1728,"0.0,0.5051,0.0,0.0,0.0,0.0,0.0","0.034923256475484894,0.5026389380156463,0.049794590613269664,0.02761417273005192,0.05182015815121207,0.026730545577532634,0.03481167066505179","0.04137172746884708,0.5019900726948172,0.03938311871545657,0.04688349835662961,0.03392802820088407,0.039724377942841296,0.046610808210683904","0.02803760585211699,0.019515933992909178,0.04444010251449773,0.01879632236295629,0.04476739284124277,0.017902294451742188,0.03134887150489054","0.000263802607646087,0.4647977834736777,5.238436815466585e-05,0.00030736234731451123,0.0010115799438067394,0.000594418764173,9.834476409242218e-05","0.0933472414283187,0.5399272805150888,0.14422187347366675,0.0495529487519083,0.1466318799432312,0.04991848800398841,0.0954589207456114",0.03259363659956523,0.0012970625330046858,0.03601475437934689,0.9584806059057969,171.4983474926325,0.07130222605295365,0.9825129160064417,0.9910351859070858,0.035858783742932186,0.0014817269545872507,0.03849320660307804,0.9525694376315091,171.51680094077844,0.07620908058419727,0.9800523078519068,0.9917154155325031
2319,"0.0,0.0,0.0,0.0,0.0,0.38353000000000004,0.0","0.03859396360804661,0.07474242735802593,0.06075719924300558,0.0887571698591613,0.13825831011517412,0.4298751977465988,0.18699326588978657","0.04139252066723277,0.036088416916438056,0.003157744659748411,0.011084200722347117,0.027655496011001743,0.44921203801025794,0.15309526460585599","0.027279301888988684,0.05761036888827113,0.04935786532113866,0.07159007727186643,0.12435922933420905,0.08843963776884053,0.11926217210068812","6.173837442138426e-05,0.0005095468880418768,3.982762591486593e-05,9.321160667729896e-05,0.011565296742510034,0.24229470482856427,0.00016751030643716964","0.09360666837848655,0.18376296366011416,0.15743556819783883,0.2340892480098074,0.543300620760022,0.5486183019470375,0.4043617740898312",0.09063536197425696,0.010696416584830674,0.10342348178644284,0.4061394755912414,173.0564790331872,0.2696620389185796,0.8471047933022584,0.8622199669082177,0.04830795451326886,0.004523666011606279,0.06725820404683937,0.7488479764604168,173.6821260370549,0.1753662139776272,0.9384218276896727,0.8784117075803074
1475,"0.0,0.10246,0.0,0.0,0.0,0.0,0.0","0.06023490536414245,0.18414295442709494,0.05173683934677637,0.054801988866345054,0.1012525935760831,0.04875634552968884,0.03108279541320118","0.04799205518929828,0.18638220388235316,0.00894433740534558,0.009270710361981474,0.06109541909175438,0.039623379223943225,0.002576908360379949","0.03380107893653,0.040846755856109855,0.04239571138279451,0.04594316661828103,0.07888256116585035,0.033235762031731016,0.025374222807658494","0.0003144677920372234,0.11117805717565701,0.0003198626878723904,0.0001806909907377749,0.0008886596434897589,0.001411619858796111,9.425173927758409e-05","0.12074345820429991,0.27476841726722023,0.13844099595686613,0.14369098948228975,0.2683980978614141,0.11299314078017417,0.07168067811350973",0.06136406036047599,0.004225102357637145,0.06500078736167082,-2.286800627591697,179.57153946803965,0.6344015943946011,0.7725634425301258,0.6425024202913805,0.036203573359293716,0.002117346254259948,0.046014630871712404,-0.647130509099064,179.7299111273855,0.44909848596244784,0.903907706773469,0.37249103469144196
1290,"0.0,0.0,0.0,0.0,0.0,0.0,0.51912","0.025599813722881642,0.027902309633852533,0.08158065834098113,0.3539427145937876,0.5084518357068666,0.4454352256470308,0.06598701220574041","0.03437546059785128,0.028274638574841797,0.08797622786652315,0.3719160800184981,0.5416087811465056,0.535153438496413,0.027050488080159696","0.014197862122950317,0.01633070358923752,0.04837827589445052,0.05700741078439894,0.03619671312177121,0.10846395608003867,0.07057074758952514","0.003185722185920946,3.490769667389091e-05,0.00011695541423939645,0.24091031926969902,0.435712089420183,0.1991148580357707,4.765218117534936e-05","0.04962655151406094,0.05114561976885439,0.16038276354728215,0.46068119872605173,0.5499667013203388,0.5493686174173679,0.19993088767884867",0.27086364934852286,0.11366143606902475,0.3371371176079916,-2.4444703145875275,193.55556106302362,0.6494396625211735,0.08557087796312621,-1.8385853186553742,0.298767734088639,0.13855774197633827,0.3722334509099609,-3.198944211860427,197.1698540844956,0.7170470236360782,0.03169270286224849,-2.4407282404779065
135,"0.0,0.0,0.0,0.08046999999999999,0.0,0.0,0.0","0.050658626828797924,0.20849999785554346,0.07508214180428638,0.25988617976591927,0.09951458684091259,0.20193588358666512,0.050932247744549096","0.028225186060318534,0.2166727638223816,0.03132486944947056,0.2539709971827342,0.045954639243809256,0.2192347838070797,0.026642849489439655","0.03574231551678751,0.06706144839724064,0.06330883160958306,0.09915292550147867,0.08450273233541361,0.08671347369935327,0.04141631609575385","0.0004101326159843343,0.06821967256954999,2.0449380235995532e-05,0.054210511944935896,7.081759592219378e-05,0.06379721705226896,0.000799888391616827","0.12260698464015152,0.32936724570565756,0.21301022561761074,0.44169915315549835,0.2785230987446609,0.3776140315780686,0.1367558527504337",0.12371995206095342,0.0195916267274305,0.13997009226056292,-23.708553685009488,186.48978338677972,1.7394071363310917,0.6257468123693747,-4.404153452630616,0.10593658415074765,0.018530450272554462,0.1361265964922155,-22.370219927973306,186.25083122876447,1.6916440473743697,0.6269229794260324,-8.216559964986866
1827,"0.18789,0.0,0.0,0.0,0.0,0.0,0.0","0.17316204142148273,0.09734284579529318,0.05528662982571909,0.04807470593762137,0.06255680141676402,0.035843146553168684,0.02477684773732021","0.18251013851899778,0.11125614213932022,0.0483346574899964,0.03658347261432346,0.0034944080368962426,0.044248835980699605,0.016301074516166754","0.030613416651252362,0.04546212450184418,0.04212429708899246,0.033033612362318214,0.059656901686656806,0.022206916802538557,0.015589541261864012","0.10944622695035873,0.015642902625864142,0.000482517161615226,0.0011702909987002118,0.00033192442198848695,0.0007343277423057696,0.0006664676474350273","0.22933388674922003,0.17923640389716036,0.14116843398223283,0.11490938585190574,0.196398154691761,0.0798219199200344,0.049012883925829004",0.04837270512062911,0.0029817582745740477,0.05460547843004443,0.3102210610114081,172.59405110533038,0.29062471887830343,0.7694913764244274,0.7614411218195916,0.03794263603691499,0.002616765294290631,0.051154328206815806,0.39465596400975544,171.84355596028146,0.2722567896472181,0.8034688152975274,0.7012560544007171
